calving_interval,optimal_percDart
3.000,0.432617
3.050,0.424805
3.100,0.424805
3.150,0.416992
3.200,0.414062
3.250,0.409180
3.300,0.407227
3.350,0.399414
3.400,0.399414
