max_age,optimal_percDart
56.000,0.407227
58.000,0.414062
60.000,0.420898
62.000,0.428711
64.000,0.434570
66.000,0.440430
