senior_survival,optimal_percDart
0.100,0.420898
0.150,0.420898
0.200,0.424805
0.250,0.426758
0.300,0.422852
0.350,0.420898
0.400,0.420898
0.450,0.424805
0.500,0.424805
