adult_survival,optimal_percDart
0.980,0.305664
0.981,0.311523
0.982,0.321289
0.983,0.332031
0.984,0.334961
0.985,0.352539
0.986,0.352539
0.987,0.362305
0.988,0.368164
0.989,0.372070
0.990,0.385742
0.991,0.388672
0.992,0.389648
0.993,0.399414
0.994,0.411133
0.995,0.422852
0.996,0.426758
0.997,0.428711
0.998,0.432617
0.999,0.446289
1.000,0.445312
